Parameter,Value
Exposure,1448320.7698842287
True Period,77727.29724643847
True Duration,4591
P_LS,77638.88349703017
P_final,77727.13545550716
Accuracy,99.9997918479903%
Time,18.281938076019287
